insert into livro (id_livro, ativo, isbn, nome) values (1, 1, '9788576081739', 'Use a Cabeca Java')

insert into autor (id_autor, data_nascimento, email, nome) values (1, '1980-01-29', 'sramos.adriano@gmail.com', 'Sierra, Kathy; Sierra, Kathy')

insert into livro_autor (id_livro, id_autor) values (1, 1)



insert into livro (id_livro, ativo, isbn, nome) values (2, 1, '9788576088011', 'Java Para Leigos')

insert into autor (id_autor, data_nascimento, email, nome) values (2, '1981-02-19', 'sramos.adriano@gmail.com', 'Burd, Barry')

insert into livro_autor (id_livro, id_autor) values (2, 2)


insert into livro (id_livro, ativo, isbn, nome) values (3, 1, '9788536502786', 'Java 7 - Ensino Didatico')

insert into autor (id_autor, data_nascimento, email, nome) values (3, '1982-03-20', 'sramos.adriano@gmail.com', 'Furgeri, Sergio; Furgeri, Sergio')

insert into livro_autor (id_livro, id_autor) values (3, 3)


insert into livro (id_livro, ativo, isbn, nome) values (4, 1, '9788575222386', 'Programacao Java para a Web')

insert into autor (id_autor, data_nascimento, email, nome) values (4, '1983-04-10', 'sramos.adriano@gmail.com', 'Luckow, Decio Heinzelmann')

insert into livro_autor (id_livro, id_autor) values (4, 4)


insert into livro (id_livro, ativo, isbn, nome) values (5, 1, '9788591355815', 'JAVA E PROGRAMACAO ORIENTADA A OBJETOS: uma abordagem didatica')

insert into autor (id_autor, data_nascimento, email, nome) values (5, '1984-05-11', 'sramos.adriano@gmail.com', 'Aragao, Helder Guimaraes')

insert into livro_autor (id_livro, id_autor) values (5, 5)


insert into livro (id_livro, ativo, isbn, nome) values (6, 1, '9788575022665', 'Desenvolvimento Para Web Com Java')

insert into autor (id_autor, data_nascimento, email, nome) values (6, '1985-07-12', 'sramos.adriano@gmail.com', 'Araujo, Everton Coimbra')

insert into livro_autor (id_livro, id_autor) values (6, 6)


insert into livro (id_livro, ativo, isbn, nome) values (7, 1, '9788565837835', 'Java Para Iniciantes - Crie, Compile e Execute Programas Java Rapidamente - 5 Ed. 2013')

insert into autor (id_autor, data_nascimento, email, nome) values (7, '1986-08-28', 'sramos.adriano@gmail.com', 'Schildt, Herbert ; Schildt, Herbert')

insert into livro_autor (id_livro, id_autor) values (7, 7)


insert into livro (id_livro, ativo, isbn, nome) values (8, 1, '9999040895800', 'Programacao de Software em Java')

insert into autor (id_autor, data_nascimento, email, nome) values (8, '1987-09-01', 'sramos.adriano@gmail.com', 'Mattos, Erico Tavares de')

insert into livro_autor (id_livro, id_autor) values (8, 8)


insert into livro (id_livro, ativo, isbn, nome) values (9, 1, '9788533613379', 'O Senhor dos Aneis I - A Sociedade do Anel')

insert into autor (id_autor, data_nascimento, email, nome) values (9, '1989-12-01', 'sramos.adriano@gmail.com', 'J. R. R.; Tolkien, J. R. R.')

insert into livro_autor (id_livro, id_autor) values (9, 9)


insert into livro (id_livro, ativo, isbn, nome) values (10, 1, '9788533613409', 'O Senhor dos Aneis - Ed. Completa ( Brochura )')

insert into livro_autor (id_livro, id_autor) values (10, 9)


insert into livro (id_livro, ativo, isbn, nome) values (11, 1, '9788533613386', 'O Senhor dos Aneis II - As Duas Torres')

insert into livro_autor (id_livro, id_autor) values (11, 9)


insert into livro (id_livro, ativo, isbn, nome) values (12, 1, '9788533615571', 'O Senhor dos Aneis 3 - Ilustracao da Capa Tolkien')

insert into livro_autor (id_livro, id_autor) values (12, 9)